Kill #,Timestamp,Bot,Weapon,TTK,Shots,Hits,Accuracy,Damage Done,Damage Possible,Efficiency,Cheated,OverShots
1,19:39:58.048,target,BB Gun,0.000000s,1,1,1.000000,1.000000,1.000000,1.000000,0,0
2,19:39:58.448,target,BB Gun,0.000000s,1,1,1.000000,1.000000,1.000000,1.000000,0,0
3,19:39:58.852,target,BB Gun,0.000000s,1,1,1.000000,1.000000,1.000000,1.000000,0,0
4,19:39:59.290,target,BB Gun,0.000000s,1,1,1.000000,1.000000,1.000000,1.000000,0,0
5,19:39:59.648,target,BB Gun,0.000000s,1,1,1.000000,1.000000,1.000000,1.000000,0,0
6,19:40:00.070,target,BB Gun,0.000000s,1,1,1.000000,1.000000,1.000000,1.000000,0,0
7,19:40:00.592,target,BB Gun,0.000000s,1,1,1.000000,1.000000,1.000000,1.000000,0,0
8,19:40:01.035,target,BB Gun,0.000000s,1,1,1.000000,1.000000,1.000000,1.000000,0,0
9,19:40:01.543,target,BB Gun,0.000000s,1,1,1.000000,1.000000,1.000000,1.000000,0,0
10,19:40:01.922,target,BB Gun,0.000000s,1,1,1.000000,1.000000,1.000000,1.000000,0,0
11,19:40:02.491,target,BB Gun,0.001000s,1,1,1.000000,1.000000,1.000000,1.000000,0,0
12,19:40:03.057,target,BB Gun,0.000000s,1,1,1.000000,1.000000,1.000000,1.000000,0,0
13,19:40:03.444,target,BB Gun,0.000000s,1,1,1.000000,1.000000,1.000000,1.000000,0,0
14,19:40:04.428,target,BB Gun,0.630000s,2,1,0.500000,1.000000,2.000000,0.500000,0,0
15,19:40:05.252,target,BB Gun,0.470000s,2,1,0.500000,1.000000,2.000000,0.500000,0,0
16,19:40:05.658,target,BB Gun,0.000000s,1,1,1.000000,1.000000,1.000000,1.000000,0,0
17,19:40:06.141,target,BB Gun,0.000000s,1,1,1.000000,1.000000,1.000000,1.000000,0,0
18,19:40:06.630,target,BB Gun,0.001000s,1,1,1.000000,1.000000,1.000000,1.000000,0,0
19,19:40:07.068,target,BB Gun,0.001000s,1,1,1.000000,1.000000,1.000000,1.000000,0,0
20,19:40:07.633,target,BB Gun,0.188000s,2,1,0.500000,1.000000,2.000000,0.500000,0,0
21,19:40:08.003,target,BB Gun,0.000000s,1,1,1.000000,1.000000,1.000000,1.000000,0,0
22,19:40:08.395,target,BB Gun,0.000000s,1,1,1.000000,1.000000,1.000000,1.000000,0,0
23,19:40:08.711,target,BB Gun,0.000000s,1,1,1.000000,1.000000,1.000000,1.000000,0,0
24,19:40:09.111,target,BB Gun,0.000000s,1,1,1.000000,1.000000,1.000000,1.000000,0,0
25,19:40:10.211,target,BB Gun,0.704000s,2,1,0.500000,1.000000,2.000000,0.500000,0,0
26,19:40:10.557,target,BB Gun,0.000000s,1,1,1.000000,1.000000,1.000000,1.000000,0,0
27,19:40:10.893,target,BB Gun,0.000000s,1,1,1.000000,1.000000,1.000000,1.000000,0,0
28,19:40:11.336,target,BB Gun,0.000000s,1,1,1.000000,1.000000,1.000000,1.000000,0,0
29,19:40:11.678,target,BB Gun,0.000000s,1,1,1.000000,1.000000,1.000000,1.000000,0,0
30,19:40:12.048,target,BB Gun,0.000000s,1,1,1.000000,1.000000,1.000000,1.000000,0,0
31,19:40:12.510,target,BB Gun,0.000000s,1,1,1.000000,1.000000,1.000000,1.000000,0,0
32,19:40:12.865,target,BB Gun,0.000000s,1,1,1.000000,1.000000,1.000000,1.000000,0,0
33,19:40:13.433,target,BB Gun,0.212000s,2,1,0.500000,1.000000,2.000000,0.500000,0,0
34,19:40:13.788,target,BB Gun,0.001000s,1,1,1.000000,1.000000,1.000000,1.000000,0,0
35,19:40:14.204,target,BB Gun,0.000000s,1,1,1.000000,1.000000,1.000000,1.000000,0,0
36,19:40:14.654,target,BB Gun,0.000000s,1,1,1.000000,1.000000,1.000000,1.000000,0,0
37,19:40:15.088,target,BB Gun,0.000000s,1,1,1.000000,1.000000,1.000000,1.000000,0,0
38,19:40:15.509,target,BB Gun,0.000000s,1,1,1.000000,1.000000,1.000000,1.000000,0,0
39,19:40:15.779,target,BB Gun,0.000000s,1,1,1.000000,1.000000,1.000000,1.000000,0,0
40,19:40:16.172,target,BB Gun,0.000000s,1,1,1.000000,1.000000,1.000000,1.000000,0,0
41,19:40:16.527,target,BB Gun,0.001000s,1,1,1.000000,1.000000,1.000000,1.000000,0,0
42,19:40:16.944,target,BB Gun,0.000000s,1,1,1.000000,1.000000,1.000000,1.000000,0,0
43,19:40:17.329,target,BB Gun,0.000000s,1,1,1.000000,1.000000,1.000000,1.000000,0,0
44,19:40:17.666,target,BB Gun,0.000000s,1,1,1.000000,1.000000,1.000000,1.000000,0,0
45,19:40:18.070,target,BB Gun,0.000000s,1,1,1.000000,1.000000,1.000000,1.000000,0,0
46,19:40:18.459,target,BB Gun,0.001000s,1,1,1.000000,1.000000,1.000000,1.000000,0,0
47,19:40:18.750,target,BB Gun,0.000000s,1,1,1.000000,1.000000,1.000000,1.000000,0,0
48,19:40:19.086,target,BB Gun,0.000000s,1,1,1.000000,1.000000,1.000000,1.000000,0,0
49,19:40:19.532,target,BB Gun,0.000000s,1,1,1.000000,1.000000,1.000000,1.000000,0,0
50,19:40:19.870,target,BB Gun,0.000000s,1,1,1.000000,1.000000,1.000000,1.000000,0,0
51,19:40:20.213,target,BB Gun,0.000000s,1,1,1.000000,1.000000,1.000000,1.000000,0,0
52,19:40:20.555,target,BB Gun,0.000000s,1,1,1.000000,1.000000,1.000000,1.000000,0,0
53,19:40:20.850,target,BB Gun,0.000000s,1,1,1.000000,1.000000,1.000000,1.000000,0,0
54,19:40:21.209,target,BB Gun,0.000000s,1,1,1.000000,1.000000,1.000000,1.000000,0,0
55,19:40:21.649,target,BB Gun,0.000000s,1,1,1.000000,1.000000,1.000000,1.000000,0,0
56,19:40:21.999,target,BB Gun,0.000000s,1,1,1.000000,1.000000,1.000000,1.000000,0,0
57,19:40:22.249,target,BB Gun,0.000000s,1,1,1.000000,1.000000,1.000000,1.000000,0,0
58,19:40:22.687,target,BB Gun,0.000000s,1,1,1.000000,1.000000,1.000000,1.000000,0,0
59,19:40:23.103,target,BB Gun,0.000000s,1,1,1.000000,1.000000,1.000000,1.000000,0,0
60,19:40:23.929,target,BB Gun,0.452000s,2,1,0.500000,1.000000,2.000000,0.500000,0,0
61,19:40:24.237,target,BB Gun,0.000000s,1,1,1.000000,1.000000,1.000000,1.000000,0,0
62,19:40:24.501,target,BB Gun,0.000000s,1,1,1.000000,1.000000,1.000000,1.000000,0,0
63,19:40:24.901,target,BB Gun,0.000000s,1,1,1.000000,1.000000,1.000000,1.000000,0,0
64,19:40:25.296,target,BB Gun,0.000000s,1,1,1.000000,1.000000,1.000000,1.000000,0,0
65,19:40:25.775,target,BB Gun,0.001000s,1,1,1.000000,1.000000,1.000000,1.000000,0,0
66,19:40:26.259,target,BB Gun,0.217000s,2,1,0.500000,1.000000,2.000000,0.500000,0,0
67,19:40:26.689,target,BB Gun,0.000000s,1,1,1.000000,1.000000,1.000000,1.000000,0,0
68,19:40:27.215,target,BB Gun,0.231000s,2,1,0.500000,1.000000,2.000000,0.500000,0,0
69,19:40:27.727,target,BB Gun,0.000000s,1,1,1.000000,1.000000,1.000000,1.000000,0,0
70,19:40:28.177,target,BB Gun,0.000000s,1,1,1.000000,1.000000,1.000000,1.000000,0,0
71,19:40:28.515,target,BB Gun,0.000000s,1,1,1.000000,1.000000,1.000000,1.000000,0,0
72,19:40:28.873,target,BB Gun,0.000000s,1,1,1.000000,1.000000,1.000000,1.000000,0,0
73,19:40:29.669,target,BB Gun,0.338000s,2,1,0.500000,1.000000,2.000000,0.500000,0,0
74,19:40:29.952,target,BB Gun,0.000000s,1,1,1.000000,1.000000,1.000000,1.000000,0,0
75,19:40:30.302,target,BB Gun,0.000000s,1,1,1.000000,1.000000,1.000000,1.000000,0,0
76,19:40:30.744,target,BB Gun,0.000000s,1,1,1.000000,1.000000,1.000000,1.000000,0,0
77,19:40:31.560,target,BB Gun,0.475000s,2,1,0.500000,1.000000,2.000000,0.500000,0,0
78,19:40:31.883,target,BB Gun,0.000000s,1,1,1.000000,1.000000,1.000000,1.000000,0,0
79,19:40:32.686,target,BB Gun,0.487000s,2,1,0.500000,1.000000,2.000000,0.500000,0,0
80,19:40:32.982,target,BB Gun,0.000000s,1,1,1.000000,1.000000,1.000000,1.000000,0,0
81,19:40:33.432,target,BB Gun,0.000000s,1,1,1.000000,1.000000,1.000000,1.000000,0,0
82,19:40:33.774,target,BB Gun,0.000000s,1,1,1.000000,1.000000,1.000000,1.000000,0,0
83,19:40:34.115,target,BB Gun,0.000000s,1,1,1.000000,1.000000,1.000000,1.000000,0,0
84,19:40:34.484,target,BB Gun,0.000000s,1,1,1.000000,1.000000,1.000000,1.000000,0,0
85,19:40:34.900,target,BB Gun,0.000000s,1,1,1.000000,1.000000,1.000000,1.000000,0,0
86,19:40:35.180,target,BB Gun,0.000000s,1,1,1.000000,1.000000,1.000000,1.000000,0,0
87,19:40:35.539,target,BB Gun,0.000000s,1,1,1.000000,1.000000,1.000000,1.000000,0,0
88,19:40:36.060,target,BB Gun,0.000000s,1,1,1.000000,1.000000,1.000000,1.000000,0,0
89,19:40:36.643,target,BB Gun,0.001000s,1,1,1.000000,1.000000,1.000000,1.000000,0,0
90,19:40:37.022,target,BB Gun,0.001000s,1,1,1.000000,1.000000,1.000000,1.000000,0,0
91,19:40:37.980,target,BB Gun,0.442000s,2,1,0.500000,1.000000,2.000000,0.500000,0,0
92,19:40:38.464,target,BB Gun,0.000000s,1,1,1.000000,1.000000,1.000000,1.000000,0,0
93,19:40:38.886,target,BB Gun,0.000000s,1,1,1.000000,1.000000,1.000000,1.000000,0,0
94,19:40:39.260,target,BB Gun,0.000000s,1,1,1.000000,1.000000,1.000000,1.000000,0,0
95,19:40:39.672,target,BB Gun,0.000000s,1,1,1.000000,1.000000,1.000000,1.000000,0,0
96,19:40:40.068,target,BB Gun,0.001000s,1,1,1.000000,1.000000,1.000000,1.000000,0,0
97,19:40:40.434,target,BB Gun,0.000000s,1,1,1.000000,1.000000,1.000000,1.000000,0,0
98,19:40:40.838,target,BB Gun,0.000000s,1,1,1.000000,1.000000,1.000000,1.000000,0,0
99,19:40:41.289,target,BB Gun,0.000000s,1,1,1.000000,1.000000,1.000000,1.000000,0,0
100,19:40:41.883,target,BB Gun,0.000000s,1,1,1.000000,1.000000,1.000000,1.000000,0,0
101,19:40:42.179,target,BB Gun,0.000000s,1,1,1.000000,1.000000,1.000000,1.000000,0,0
102,19:40:42.515,target,BB Gun,0.000000s,1,1,1.000000,1.000000,1.000000,1.000000,0,0
103,19:40:42.841,target,BB Gun,0.000000s,1,1,1.000000,1.000000,1.000000,1.000000,0,0
104,19:40:43.182,target,BB Gun,0.000000s,1,1,1.000000,1.000000,1.000000,1.000000,0,0
105,19:40:43.549,target,BB Gun,0.000000s,1,1,1.000000,1.000000,1.000000,1.000000,0,0
106,19:40:43.861,target,BB Gun,0.000000s,1,1,1.000000,1.000000,1.000000,1.000000,0,0
107,19:40:44.362,target,BB Gun,0.000000s,1,1,1.000000,1.000000,1.000000,1.000000,0,0
108,19:40:44.723,target,BB Gun,0.000000s,1,1,1.000000,1.000000,1.000000,1.000000,0,0
109,19:40:45.608,target,BB Gun,0.373000s,2,1,0.500000,1.000000,2.000000,0.500000,0,0
110,19:40:46.477,target,BB Gun,0.578000s,2,1,0.500000,1.000000,2.000000,0.500000,0,0
111,19:40:46.865,target,BB Gun,0.000000s,1,1,1.000000,1.000000,1.000000,1.000000,0,0
112,19:40:47.936,target,BB Gun,0.350000s,2,1,0.500000,1.000000,2.000000,0.500000,0,0
113,19:40:48.736,target,BB Gun,0.433000s,2,1,0.500000,1.000000,2.000000,0.500000,0,0
114,19:40:49.112,target,BB Gun,0.000000s,1,1,1.000000,1.000000,1.000000,1.000000,0,0
115,19:40:49.591,target,BB Gun,0.000000s,1,1,1.000000,1.000000,1.000000,1.000000,0,0
116,19:40:50.355,target,BB Gun,0.393000s,2,1,0.500000,1.000000,2.000000,0.500000,0,0
117,19:40:50.714,target,BB Gun,0.000000s,1,1,1.000000,1.000000,1.000000,1.000000,0,0
118,19:40:51.165,target,BB Gun,0.000000s,1,1,1.000000,1.000000,1.000000,1.000000,0,0
119,19:40:52.075,target,BB Gun,0.464000s,2,1,0.500000,1.000000,2.000000,0.500000,0,0
120,19:40:52.484,target,BB Gun,0.000000s,1,1,1.000000,1.000000,1.000000,1.000000,0,0
121,19:40:52.993,target,BB Gun,0.000000s,1,1,1.000000,1.000000,1.000000,1.000000,0,0
122,19:40:53.280,target,BB Gun,0.000000s,1,1,1.000000,1.000000,1.000000,1.000000,0,0
123,19:40:53.695,target,BB Gun,0.000000s,1,1,1.000000,1.000000,1.000000,1.000000,0,0
124,19:40:54.083,target,BB Gun,0.000000s,1,1,1.000000,1.000000,1.000000,1.000000,0,0
125,19:40:54.566,target,BB Gun,0.001000s,1,1,1.000000,1.000000,1.000000,1.000000,0,0
126,19:40:54.900,target,BB Gun,0.000000s,1,1,1.000000,1.000000,1.000000,1.000000,0,0
127,19:40:55.902,target,BB Gun,0.638000s,3,1,0.333333,1.000000,3.000000,0.333333,0,0
128,19:40:56.230,target,BB Gun,0.000000s,1,1,1.000000,1.000000,1.000000,1.000000,0,0
129,19:40:56.705,target,BB Gun,0.000000s,1,1,1.000000,1.000000,1.000000,1.000000,0,0
130,19:40:56.994,target,BB Gun,0.000000s,1,1,1.000000,1.000000,1.000000,1.000000,0,0

Weapon,Shots,Hits,Damage Done,Damage Possible,,Sens Scale,Horiz Sens,Vert Sens,FOV,Hide Gun,Crosshair,Crosshair Scale,Crosshair Color,ADS Sens,ADS Zoom Scale,Avg Target Scale,Avg Time Dilation
BB Gun,150,130,130.0,150.0,

Kills:,130
Deaths:,0
Fight Time:,8.086
Time Remaining:,0.0
Avg TTK:,0.461428
Damage Done:,130.0
Total Overshots:,0
Damage Taken:,0.0
Hit Count:,130
Miss Count:,20
Midairs:,0
Midaired:,0
Directs:,0
Directed:,0
Reloads:,0
Distance Traveled:,0.0
MBS Points:,0.0
Score:,1210.234131
Scenario:,VT 1w3ts Intermediate S5
Hash:,37975ba4bbbd5f9c593e7dbd72794baa
Game Version:,3.9.2.2026-05-26-13-20-48-24ad9c8a7fe5
Challenge Start:,19:39:57.275
Pause Count:,0
Pause Duration:,0
Avg Target Scale:,1.0
Avg Time Dilation:,1.0

Input Lag:,0
Max FPS (config):,240.0
Sens Scale:,Valorant
Sens Increment:,0.199886
Horiz Sens:,0.2
Vert Sens:,0.2
DPI:,1600
FOV:,103.0
FOVScale:,Overwatch
Hide Gun:,false
Crosshair:,rxSmallCross.png
Crosshair Scale:,1.0
Crosshair Color:,000000FF
Resolution:,1920x1080
Avg FPS:,241.941071
Resolution Scale:,100.0
